nombre,url,imagen
Laptops | Core i3,https://www.memorykings.pe/listados/247/laptops-core-i3,https://cdn.memorykings.pe/files/2025/01/20/subcategoria-laptop-core-i3-1.jpg
Laptops | Core i5,https://www.memorykings.pe/listados/258/laptops-core-i5,https://cdn.memorykings.pe/files/2025/01/20/subcategoria-laptop-core-i5-1.jpg
Laptops | Core i7,https://www.memorykings.pe/listados/257/laptops-core-i7,https://cdn.memorykings.pe/files/2025/01/20/subcategoria-laptop-core-i7.jpg
Laptops | Core i9,https://www.memorykings.pe/listados/927/laptops-core-i9,https://cdn.memorykings.pe/files/2025/01/20/subcategoria-laptop-core-i9.jpg
Laptops | Core Ultra 5,https://www.memorykings.pe/listados/464/laptops-core-ultra-5,https://cdn.memorykings.pe/files/2025/01/20/subcategoria-laptop-ultra-5.jpg
Laptops | Core Ultra 7,https://www.memorykings.pe/listados/465/laptops-core-ultra-7,https://cdn.memorykings.pe/files/2025/01/20/subcategoria-laptop-ultra-7.jpg
Laptops | Core Ultra 9,https://www.memorykings.pe/listados/1263/laptops-core-ultra-9,https://cdn.memorykings.pe/files/2025/01/20/subcategoria-laptop-ultra-9.jpg
Laptops | Ryzen (AI),https://www.memorykings.pe/listados/1028/laptops-ryzen-ai,https://cdn.memorykings.pe/files/2025/06/11/subcategoria-laptop-ryzen-AI.jpg
Laptops | Ryzen 3,https://www.memorykings.pe/listados/888/laptops-ryzen-3,https://cdn.memorykings.pe/files/2025/01/20/subcategoria-laptop-ryzen-3.jpg
Laptops | Ryzen 5,https://www.memorykings.pe/listados/915/laptops-ryzen-5,https://cdn.memorykings.pe/files/2025/01/20/subcategoria-laptop-ryzen-5.jpg
Laptops | Ryzen 7,https://www.memorykings.pe/listados/388/laptops-ryzen-7,https://cdn.memorykings.pe/files/2025/01/20/subcategoria-laptop-ryzen-7.jpg
Laptops | Ryzen 9,https://www.memorykings.pe/listados/467/laptops-ryzen-9,https://cdn.memorykings.pe/files/2025/01/20/subcategoria-laptop-ryzen-9.jpg
Laptops 13.3 ≤ pulgadas,https://www.memorykings.pe/listados/201/laptops-13-3-pulgadas,https://cdn.memorykings.pe/files/2025/01/21/subcategoria-laptop-pantalla-13.jpg
Laptops 14 = pulgadas,https://www.memorykings.pe/listados/1074/laptops-14-pulgadas,https://cdn.memorykings.pe/files/2025/01/21/subcategoria-laptop-pantalla-14.jpg
Laptops 15.3 & 15.6 = pulgadas,https://www.memorykings.pe/listados/917/laptops-15-3-15-6-pulgadas,https://cdn.memorykings.pe/files/2025/01/21/subcategoria-laptop-pantalla-15.jpg
Laptops 16 = Pulgadas,https://www.memorykings.pe/listados/1235/laptops-16-pulgadas,https://cdn.memorykings.pe/files/2025/01/21/subcategoria-laptop-pantalla-16.jpg
Laptops 17.3 & 18 = pulgadas,https://www.memorykings.pe/listados/840/laptops-17-3-18-pulgadas,https://cdn.memorykings.pe/files/2025/01/21/subcategoria-laptop-pantalla-17-1.jpg
Laptops Chromebook,https://www.memorykings.pe/listados/951/laptops-chromebook,https://cdn.memorykings.pe/files/2024/04/13/subcat-laptop-chromebook.jpg
Laptops con Grafico dedicado GEFORCE,https://www.memorykings.pe/listados/281/laptops-con-grafico-dedicado-geforce,https://cdn.memorykings.pe/files/2025/01/21/subcategoria-laptop-nvidia-geforce1.jpg
Laptops con Grafico dedicado QUADRO,https://www.memorykings.pe/listados/1264/laptops-con-grafico-dedicado-quadro,https://cdn.memorykings.pe/files/2025/01/21/subcategoria-laptop-nvidia-quadro.jpg
Laptops con pantalla Táctiles,https://www.memorykings.pe/listados/1274/laptops-con-pantalla-tactiles,https://cdn.memorykings.pe/files/2025/01/21/subcategoria-laptop-tactil.jpg
Laptops con Windows 11 Home,https://www.memorykings.pe/listados/1044/laptops-con-windows-11-home,https://cdn.memorykings.pe/files/2025/01/21/subcategoria-laptop-windows-11-home.jpg
Laptops con Windows 11 Pro,https://www.memorykings.pe/listados/1140/laptops-con-windows-11-pro,https://cdn.memorykings.pe/files/2025/01/21/subcategoria-laptop-windows-11-pro.jpg
Laptops CREATORS diseño/edición Profesional,https://www.memorykings.pe/listados/457/laptops-creators-diseno-edicion-profesional,https://cdn.memorykings.pe/files/2025/01/21/subcategoria-laptop-creator.jpg
Laptops Gaming/Creators Intel,https://www.memorykings.pe/listados/579/laptops-gaming-creators-intel,https://cdn.memorykings.pe/files/2025/01/21/subcategoria-laptop-GAMING-INTEL.jpg
Laptops Gaming/Creators Ryzen,https://www.memorykings.pe/listados/202/laptops-gaming-creators-ryzen,https://cdn.memorykings.pe/files/2025/01/21/subcategoria-laptop-GAMING-RYZEN.jpg
Laptops Home/estudio,https://www.memorykings.pe/listados/211/laptops-home-estudio,https://cdn.memorykings.pe/files/2026/05/18/subcat-laptop-home-estudio.jpg
Laptops Oficina/Empresa,https://www.memorykings.pe/listados/1275/laptops-oficina-empresa,https://cdn.memorykings.pe/files/2025/05/16/subcategoria-laptop-empresarial.jpg
Laptops WorkStation,https://www.memorykings.pe/listados/390/laptops-workstation,https://cdn.memorykings.pe/files/2025/01/21/subcategoria-laptop-worksatation.jpg
Monitores Portatil,https://www.memorykings.pe/listados/1073/monitores-portables,https://cdn.memorykings.pe/files/2025/05/23/subcategoria-laptops-monitor-portatable.jpg
"Stand, Cooler para Laptops",https://www.memorykings.pe/resultados/PARA+LAPTOP,https://cdn.memorykings.pe/files/2025/02/23/subcategoria-laptop-stand.jpg
Tablets,https://www.memorykings.pe/listados/527/tablet-pc,https://cdn.memorykings.pe/files/2025/01/20/subcategoria-laptops-tablet-all.jpg
